{"digit_frequency": 0.0013908205841446453, "sentence_length_avg": 16.608695652173914, "sentence_length_min": 1, "punctuation_frequency": 0.02901246047982146, "noun_frequency": 0.03256172839506173, "sentence_length_max": 66, "word_variance": 0.6, "verb_frequency": 0.11805555555555555, "phrases_per_paragraph": 0.3262411347517731, "text_length": 754, "word_length_average": 0.8224127372933252, "NE_frequency": 0.002006172839506173}