{"class": "drama", "sentence_length_max": 17, "sentence_length_avg": 5.722222222222222, "punctuation_frequency": 0.050620347394540945, "hashtag_frequency": 0.002977667493796526, "digit_frequency": 0.002977667493796526, "text_length": 168, "sentence_length_min": 1}