{"class": "drama", "sentence_length_max": 110, "sentence_length_avg": 8.705882352941176, "punctuation_frequency": 0.01270864946889226, "hashtag_frequency": 0.0, "digit_frequency": 0.00037936267071320183, "text_length": 569, "sentence_length_min": 1}