{"sentence_length_min": 1, "example2": 142, "class": "drama", "sentence_length_max": 90, "hashtag_frequency": 0.0, "punctuation_frequency": 0.02115117891816921, "sentence_length_avg": 8.989528795811518, "example": 381, "digit_frequency": 0.0007628294036061027, "text_length": 1625}