{"sentence_length_min": 1, "example2": 1638, "class": "drama", "sentence_length_max": 17, "hashtag_frequency": 0.0030257186081694403, "punctuation_frequency": 0.05042864346949067, "sentence_length_avg": 5.685714285714286, "example": 95, "digit_frequency": 0.0025214321734745334, "text_length": 164}