{"hashtag_frequency": 0.0, "punctuation_frequency": 0.006046305854593718, "sentence_length_min": 1, "text_length": 792, "digit_frequency": 0.0016221796195251437, "sentence_length_avg": 8.659340659340659, "class": "drama", "sentence_length_max": 61}