{"class": "drama", "digit_frequency": 0.0016221796195251437, "hashtag_frequency": 0.0, "sentence_length_min": 1, "text_length": 792, "sentence_length_max": 61, "sentence_length_avg": 8.659340659340659, "punctuation_frequency": 0.006046305854593718}