{"class": "drama", "sentence_length_min": 1, "sentence_length_avg": 8.989528795811518, "sentence_length_max": 90, "digit_frequency": 0.0007628294036061027, "text_length": 1625, "punctuation_frequency": 0.02115117891816921, "hashtag_frequency": 0.0}