{"class": "drama", "sentence_length_max": 39, "sentence_length_avg": 12.166666666666666, "punctuation_frequency": 0.007451564828614009, "hashtag_frequency": 0.0, "digit_frequency": 0.0007451564828614009, "text_length": 142, "sentence_length_min": 1}