{"class": "drama", "sentence_length_max": 37, "sentence_length_avg": 7.1371681415929205, "punctuation_frequency": 0.015503327198074473, "hashtag_frequency": 0.0, "digit_frequency": 0.00014158289678606824, "text_length": 1500, "sentence_length_min": 1}