{"class": "drama", "sentence_length_max": 23, "sentence_length_avg": 3.8627450980392157, "punctuation_frequency": 0.03457172342621259, "hashtag_frequency": 0.0, "digit_frequency": 0.0010319917440660474, "text_length": 158, "sentence_length_min": 1}