{"class": "drama", "sentence_length_max": 90, "sentence_length_avg": 8.860824742268042, "punctuation_frequency": 0.021445317887187974, "hashtag_frequency": 0.0, "digit_frequency": 0.0008964280788856709, "text_length": 1625, "sentence_length_min": 1}