{"class": "drama", "sentence_length_max": 43, "sentence_length_avg": 8.056451612903226, "punctuation_frequency": 0.01839915621703973, "hashtag_frequency": 0.0, "digit_frequency": 0.00023438415563107934, "text_length": 940, "sentence_length_min": 1}