{"class": "drama", "sentence_length_max": 25, "sentence_length_avg": 5.5476190476190474, "punctuation_frequency": 0.01383399209486166, "hashtag_frequency": 0.0, "digit_frequency": 0.0009881422924901185, "text_length": 214, "sentence_length_min": 1}