{"class": "drama", "sentence_length_max": 47, "sentence_length_avg": 5.673913043478261, "punctuation_frequency": 0.017580577647551276, "hashtag_frequency": 0.0, "digit_frequency": 0.0008371703641691084, "text_length": 237, "sentence_length_min": 1}