{"class": "drama", "sentence_length_max": 36, "sentence_length_avg": 7.652777777777778, "punctuation_frequency": 0.020530900041476566, "hashtag_frequency": 0.0, "digit_frequency": 0.00041476565740356696, "text_length": 517, "sentence_length_min": 1}