{"class": "drama", "sentence_length_max": 35, "sentence_length_avg": 6.4222222222222225, "punctuation_frequency": 0.008583690987124463, "hashtag_frequency": 0.0, "digit_frequency": 0.000715307582260372, "text_length": 270, "sentence_length_min": 1}