{"class": "drama", "sentence_length_max": 51, "sentence_length_avg": 13.110266159695817, "punctuation_frequency": 0.016331115527520954, "hashtag_frequency": 0.0, "digit_frequency": 4.320400933206602e-05, "text_length": 2640, "sentence_length_min": 1}