{"class": "drama", "sentence_length_max": 76, "sentence_length_avg": 12.807339449541285, "punctuation_frequency": 0.026028110359187923, "hashtag_frequency": 0.0, "digit_frequency": 0.00010411244143675169, "text_length": 1057, "sentence_length_min": 1}