{"class": "drama", "sentence_length_min": 1, "sentence_length_avg": 5.685714285714286, "sentence_length_max": 17, "digit_frequency": 0.0025214321734745334, "text_length": 164, "punctuation_frequency": 0.05042864346949067, "hashtag_frequency": 0.0030257186081694403}