{"class": "drama", "sentence_length_max": 93, "sentence_length_avg": 6.391304347826087, "punctuation_frequency": 0.025767476266798175, "hashtag_frequency": 0.0, "digit_frequency": 0.00024657872025644185, "text_length": 790, "sentence_length_min": 1}