{"class": "drama", "sentence_length_max": 26, "sentence_length_avg": 10.26086956521739, "punctuation_frequency": 0.0019059720457433292, "hashtag_frequency": 0.0, "digit_frequency": 0.0006353240152477764, "text_length": 168, "sentence_length_min": 1}