{"hashtag_frequency": 0.0, "punctuation_frequency": 0.0009572431397574984, "sentence_length_min": 3, "text_length": 416, "digit_frequency": 0.0003190810465858328, "sentence_length_avg": 28.071428571428573, "class": "epic", "sentence_length_max": 59}