{"class": "epic", "sentence_length_max": 29, "sentence_length_avg": 6.861111111111111, "punctuation_frequency": 0.006843065693430657, "hashtag_frequency": 0.0, "digit_frequency": 0.0013686131386861315, "text_length": 236, "sentence_length_min": 1}