{"hashtag_frequency": 0.0, "punctuation_frequency": 0.0006058158319870759, "sentence_length_min": 1, "text_length": 1311, "digit_frequency": 0.00020193861066235866, "sentence_length_avg": 17.666666666666668, "class": "epic", "sentence_length_max": 45}