{"punctuation_frequency": 0.001892147587511826, "text_length": 99, "sentence_length_avg": 1.388235294117647, "sentence_length_max": 6, "digit_frequency": 0.0011037527593818985, "class": "epic", "hashtag_frequency": 0.0, "sentence_length_min": 1}