{"hashtag_frequency": 0.0, "punctuation_frequency": 0.0018214936247723133, "sentence_length_min": 18, "text_length": 241, "digit_frequency": 0.0006071645415907711, "sentence_length_avg": 25.77777777777778, "class": "epic", "sentence_length_max": 39}