{"hashtag_frequency": 0.0, "punctuation_frequency": 0.00017953321364452425, "sentence_length_min": 7, "text_length": 738, "digit_frequency": 0.00017953321364452425, "sentence_length_avg": 25.071428571428573, "class": "epic", "sentence_length_max": 49}