{"class": "epic", "sentence_length_max": 64, "sentence_length_avg": 27.391304347826086, "punctuation_frequency": 0.002095118374188142, "hashtag_frequency": 0.00020951183741881415, "digit_frequency": 0.0, "text_length": 665, "sentence_length_min": 8}