{"class": "epic", "digit_frequency": 0.00020193861066235866, "hashtag_frequency": 0.0, "sentence_length_min": 1, "text_length": 1311, "sentence_length_max": 45, "sentence_length_avg": 17.666666666666668, "punctuation_frequency": 0.0006058158319870759}