{"class": "epic", "digit_frequency": 0.0006071645415907711, "hashtag_frequency": 0.0, "sentence_length_min": 18, "text_length": 241, "sentence_length_max": 39, "sentence_length_avg": 25.77777777777778, "punctuation_frequency": 0.0018214936247723133}