{"class": "epic", "sentence_length_max": 64, "sentence_length_avg": 16.762962962962963, "punctuation_frequency": 0.0006574261765189284, "hashtag_frequency": 5.47855147099107e-05, "digit_frequency": 0.0, "text_length": 2350, "sentence_length_min": 2}