{"class": "epic", "sentence_length_max": 19, "sentence_length_avg": 3.3333333333333335, "punctuation_frequency": 0.012400354295837024, "hashtag_frequency": 0.0, "digit_frequency": 0.00354295837023915, "text_length": 89, "sentence_length_min": 1}