{"punctuation_frequency": 0.0017163874131589701, "text_length": 186, "sentence_length_avg": 1.3163841807909604, "sentence_length_max": 6, "digit_frequency": 0.0012259910093992644, "class": "epic", "hashtag_frequency": 0.0, "sentence_length_min": 1}