{"class": "epic", "digit_frequency": 0.00017953321364452425, "hashtag_frequency": 0.0, "sentence_length_min": 7, "text_length": 738, "sentence_length_max": 49, "sentence_length_avg": 25.071428571428573, "punctuation_frequency": 0.00017953321364452425}