{"punctuation_frequency": 0.0011134824162568433, "text_length": 334, "sentence_length_avg": 1.3535714285714286, "sentence_length_max": 5, "digit_frequency": 0.0017166187250626335, "class": "epic", "hashtag_frequency": 0.0, "sentence_length_min": 1}