{"class": "epic", "sentence_length_min": 3, "sentence_length_avg": 14.702380952380953, "sentence_length_max": 82, "digit_frequency": 0.0, "text_length": 1269, "punctuation_frequency": 0.001634320735444331, "hashtag_frequency": 0.00010214504596527068}