{"sentence_length_max": 29, "digit_frequency": 0.0006119951040391676, "sentence_length_avg": 13.933333333333334, "punctuation_frequency": 0.0006119951040391676, "text_length": 213, "class": "epik", "hashtag_frequency": 0.0, "sentence_length_min": 1}