{"sentence_length_max": 59, "digit_frequency": 0.0003190810465858328, "sentence_length_avg": 28.071428571428573, "punctuation_frequency": 0.0009572431397574984, "text_length": 416, "class": "poems", "hashtag_frequency": 0.0, "sentence_length_min": 3}