{"sentence_length_max": 29, "digit_frequency": 0.0008453085376162299, "sentence_length_avg": 8.117647058823529, "punctuation_frequency": 0.0016906170752324597, "text_length": 128, "class": "poems", "hashtag_frequency": 0.0, "sentence_length_min": 1}