{"text_length": 1521, "hashtag_frequency": 0.0, "class": "poetry", "sentence_length_max": 45, "punctuation_frequency": 0.0006062705698943357, "digit_frequency": 0.00017322016282695306, "sentence_length_avg": 17.36470588235294, "sentence_length_min": 5}