{"punctuation_frequency": 0.003713870498950428, "text_length": 147, "sentence_length_avg": 1.7674418604651163, "sentence_length_max": 10, "digit_frequency": 0.00016147263038914905, "class": "poetry", "hashtag_frequency": 0.0, "sentence_length_min": 1}