{"sentence_length_min": 6, "example2": 2648, "class": "poetry", "sentence_length_max": 39, "hashtag_frequency": 0.00037383177570093456, "punctuation_frequency": 0.0011214953271028037, "sentence_length_avg": 22.045454545454547, "example": 86, "digit_frequency": 0.0, "text_length": 297}