{"class": "poetry", "sentence_length_min": 10, "sentence_length_avg": 16.857142857142858, "sentence_length_max": 33, "digit_frequency": 0.0, "text_length": 102, "punctuation_frequency": 0.004010695187165776, "hashtag_frequency": 0.001336898395721925}