{"class": "poetry", "sentence_length_max": 43, "sentence_length_avg": 24.954545454545453, "punctuation_frequency": 0.001088929219600726, "hashtag_frequency": 0.0003629764065335753, "digit_frequency": 0.0, "text_length": 297, "sentence_length_min": 10}