{"text_length": 284, "hashtag_frequency": 0.0, "class": "poetry", "sentence_length_max": 39, "punctuation_frequency": 0.0015274949083503055, "digit_frequency": 0.0005091649694501018, "sentence_length_avg": 24.818181818181817, "sentence_length_min": 13}