{"class": "poetry", "sentence_length_max": 33, "sentence_length_avg": 16.857142857142858, "punctuation_frequency": 0.004010695187165776, "hashtag_frequency": 0.001336898395721925, "digit_frequency": 0.0, "text_length": 102, "sentence_length_min": 10}