{"class": "poetry", "sentence_length_max": 60, "sentence_length_avg": 15.333333333333334, "punctuation_frequency": 0.00558659217877095, "hashtag_frequency": 0.0, "digit_frequency": 0.0007980845969672786, "text_length": 148, "sentence_length_min": 3}