{"sentence_length_min": 7, "example2": 1121, "class": "poetry", "sentence_length_max": 62, "hashtag_frequency": 0.0, "punctuation_frequency": 0.0006328446366417044, "sentence_length_avg": 25.67391304347826, "example": 221, "digit_frequency": 0.00021094821221390148, "text_length": 1243}