{"sentence_length_min": 3, "example2": 36, "class": "poetry", "sentence_length_max": 120, "hashtag_frequency": 0.0006101281269066504, "punctuation_frequency": 0.0012202562538133007, "sentence_length_avg": 20.545454545454547, "example": 55, "digit_frequency": 0.0006101281269066504, "text_length": 191}