{"sentence_length_min": 5, "example2": 1624, "class": "poetry", "sentence_length_max": 52, "hashtag_frequency": 0.0, "punctuation_frequency": 0.0023894862604540022, "sentence_length_avg": 28.88888888888889, "example": 71, "digit_frequency": 0.0005973715651135006, "text_length": 213}