{"text_length": 191, "class": "poetry", "punctuation_frequency": 0.0012202562538133007, "sentence_length_max": 120, "hashtag_frequency": 0.0006101281269066504, "digit_frequency": 0.0006101281269066504, "sentence_length_min": 3, "sentence_length_avg": 20.545454545454547}