{"text_length": 148, "class": "poetry", "punctuation_frequency": 0.00558659217877095, "sentence_length_max": 60, "hashtag_frequency": 0.0, "digit_frequency": 0.0007980845969672786, "sentence_length_min": 3, "sentence_length_avg": 15.333333333333334}