{"text_length": 522, "class": "poetry", "punctuation_frequency": 0.0007664793050587634, "sentence_length_max": 59, "hashtag_frequency": 0.0, "digit_frequency": 0.0002554931016862545, "sentence_length_min": 3, "sentence_length_avg": 27.444444444444443}