{"text_length": 213, "class": "poetry", "punctuation_frequency": 0.0023894862604540022, "sentence_length_max": 52, "hashtag_frequency": 0.0, "digit_frequency": 0.0005973715651135006, "sentence_length_min": 5, "sentence_length_avg": 28.88888888888889}