{"digit_frequency": 0.00016147263038914905, "text_length": 147, "class": "poetry", "punctuation_frequency": 0.003713870498950428, "sentence_length_min": 1, "sentence_length_max": 10, "sentence_length_avg": 1.7674418604651163, "hashtag_frequency": 0.0}