{"class": "poetry", "sentence_length_min": 6, "sentence_length_avg": 22.045454545454547, "sentence_length_max": 39, "digit_frequency": 0.0, "text_length": 297, "punctuation_frequency": 0.0011214953271028037, "hashtag_frequency": 0.00037383177570093456}