{"text_length": 297, "class": "poetry", "punctuation_frequency": 0.0011214953271028037, "sentence_length_max": 39, "hashtag_frequency": 0.00037383177570093456, "digit_frequency": 0.0, "sentence_length_min": 6, "sentence_length_avg": 22.045454545454547}