{"class": "poetry", "sentence_length_min": 5, "sentence_length_avg": 17.36470588235294, "sentence_length_max": 45, "digit_frequency": 0.00017322016282695306, "text_length": 1521, "punctuation_frequency": 0.0006062705698943357, "hashtag_frequency": 0.0}