{"sentence_length_min": 3, "example2": 3817, "class": "poetry", "sentence_length_max": 59, "hashtag_frequency": 0.0, "punctuation_frequency": 0.0007664793050587634, "sentence_length_avg": 27.444444444444443, "example": 108, "digit_frequency": 0.0002554931016862545, "text_length": 522}