{"hashtag_frequency": 0.0, "punctuation_frequency": 0.0016906170752324597, "sentence_length_min": 1, "text_length": 128, "digit_frequency": 0.0008453085376162299, "sentence_length_avg": 8.117647058823529, "class": "poetry", "sentence_length_max": 29}