{"text_length": 1521, "class": "poetry", "punctuation_frequency": 0.0006062705698943357, "sentence_length_max": 45, "hashtag_frequency": 0.0, "digit_frequency": 0.00017322016282695306, "sentence_length_min": 5, "sentence_length_avg": 17.36470588235294}