{"text_length": 522, "hashtag_frequency": 0.0, "class": "poetry", "sentence_length_max": 59, "punctuation_frequency": 0.0007664793050587634, "digit_frequency": 0.0002554931016862545, "sentence_length_avg": 27.444444444444443, "sentence_length_min": 3}