{"sentence_length_max": 64, "digit_frequency": 0.0024937655860349127, "sentence_length_avg": 13.859375, "punctuation_frequency": 0.0007673124880107424, "text_length": 1827, "class": "report", "hashtag_frequency": 0.0, "sentence_length_min": 1}