{"hashtag_frequency": 0.0, "punctuation_frequency": 0.0005909001378766989, "sentence_length_min": 1, "text_length": 2331, "digit_frequency": 0.0012310419539097893, "sentence_length_avg": 13.228070175438596, "class": "report", "sentence_length_max": 56}