{"hashtag_frequency": 0.0, "punctuation_frequency": 0.0005068937550689375, "sentence_length_min": 1, "text_length": 1122, "digit_frequency": 0.0024330900243309003, "sentence_length_avg": 14.958333333333334, "class": "report", "sentence_length_max": 42}