{"class": "report", "sentence_length_max": 47, "sentence_length_avg": 5.052884615384615, "punctuation_frequency": 0.009349272059165543, "hashtag_frequency": 0.0, "digit_frequency": 0.0015814689055304897, "text_length": 1802, "sentence_length_min": 1}