{"punctuation_frequency": 0.0016318745363992793, "text_length": 513, "sentence_length_avg": 1.1301272984441302, "sentence_length_max": 5, "digit_frequency": 4.238635159478648e-05, "class": "report", "hashtag_frequency": 0.0, "sentence_length_min": 1}