{"class": "report", "digit_frequency": 0.001347587817806127, "hashtag_frequency": 0.0, "sentence_length_min": 1, "text_length": 1349, "sentence_length_max": 47, "sentence_length_avg": 14.042553191489361, "punctuation_frequency": 0.0008983918785374181}