{"digit_frequency": 0.0009252833680314596, "text_length": 428, "class": "report", "punctuation_frequency": 0.002030482946513481, "sentence_length_min": 1, "sentence_length_max": 5, "sentence_length_avg": 1.1441860465116278, "hashtag_frequency": 0.0}