{"class": "report", "digit_frequency": 0.00444624090541633, "hashtag_frequency": 0.0, "sentence_length_min": 1, "text_length": 279, "sentence_length_max": 21, "sentence_length_avg": 8.696969696969697, "punctuation_frequency": 0.0008084074373484236}