{"hashtag_frequency": 0.0, "punctuation_frequency": 0.0005668220178863837, "sentence_length_min": 1, "text_length": 1736, "digit_frequency": 0.0014485451568207583, "sentence_length_avg": 13.165354330708661, "class": "report", "sentence_length_max": 45}