{"punctuation_frequency": 0.0019582936381920186, "text_length": 216, "sentence_length_avg": 1.1784511784511784, "sentence_length_max": 4, "digit_frequency": 0.00026463427543135386, "class": "report", "hashtag_frequency": 0.0, "sentence_length_min": 1}