{"class": "report", "sentence_length_max": 57, "sentence_length_avg": 6.864646464646465, "punctuation_frequency": 0.00580733999880261, "hashtag_frequency": 0.0, "digit_frequency": 0.001436867628569718, "text_length": 3142, "sentence_length_min": 1}