{"digit_frequency": 0.0004694625771259948, "text_length": 477, "class": "report", "punctuation_frequency": 0.0017660735044263615, "sentence_length_min": 1, "sentence_length_max": 4, "sentence_length_avg": 1.1287671232876713, "hashtag_frequency": 0.0}