{"class": "report", "sentence_length_max": 21, "sentence_length_avg": 2.2544378698224854, "punctuation_frequency": 0.0156032597893063, "hashtag_frequency": 0.0, "digit_frequency": 0.0021864440469091632, "text_length": 435, "sentence_length_min": 1}