{"class": "report", "digit_frequency": 0.0014485451568207583, "hashtag_frequency": 0.0, "sentence_length_min": 1, "text_length": 1736, "sentence_length_max": 45, "sentence_length_avg": 13.165354330708661, "punctuation_frequency": 0.0005668220178863837}