{"sentence_length_max": 21, "digit_frequency": 0.00444624090541633, "sentence_length_avg": 8.696969696969697, "punctuation_frequency": 0.0008084074373484236, "text_length": 279, "class": "report", "hashtag_frequency": 0.0, "sentence_length_min": 1}