{"digit_frequency": 0.0005509002870480443, "text_length": 369, "class": "report", "punctuation_frequency": 0.00168169561309403, "sentence_length_min": 1, "sentence_length_max": 4, "sentence_length_avg": 1.1276978417266188, "hashtag_frequency": 0.0}