{"punctuation_frequency": 0.002030482946513481, "text_length": 428, "sentence_length_avg": 1.1441860465116278, "sentence_length_max": 5, "digit_frequency": 0.0009252833680314596, "class": "report", "hashtag_frequency": 0.0, "sentence_length_min": 1}