{"digit_frequency": 0.0009685372153087579, "text_length": 389, "class": "report", "punctuation_frequency": 0.001907724818032402, "sentence_length_min": 1, "sentence_length_max": 5, "sentence_length_avg": 1.174911660777385, "hashtag_frequency": 0.0}