{"class": "report", "sentence_length_max": 42, "sentence_length_avg": 4.530769230769231, "punctuation_frequency": 0.010612244897959184, "hashtag_frequency": 0.0, "digit_frequency": 0.0020408163265306124, "text_length": 1473, "sentence_length_min": 1}