{"class": "report", "sentence_length_min": 1, "sentence_length_avg": 2.6191950464396285, "sentence_length_max": 30, "digit_frequency": 0.0017944843218738193, "text_length": 580, "punctuation_frequency": 0.01275028333962977, "hashtag_frequency": 0.0}