{"punctuation_frequency": 0.001907724818032402, "text_length": 389, "sentence_length_avg": 1.174911660777385, "sentence_length_max": 5, "digit_frequency": 0.0009685372153087579, "class": "report", "hashtag_frequency": 0.0, "sentence_length_min": 1}