{"hashtag_frequency": 0.0, "punctuation_frequency": 0.0008084074373484236, "sentence_length_min": 1, "text_length": 279, "digit_frequency": 0.00444624090541633, "sentence_length_avg": 8.696969696969697, "class": "report", "sentence_length_max": 21}