{"punctuation_frequency": 0.00168169561309403, "text_length": 369, "sentence_length_avg": 1.1276978417266188, "sentence_length_max": 4, "digit_frequency": 0.0005509002870480443, "class": "report", "hashtag_frequency": 0.0, "sentence_length_min": 1}