{"class": "report", "sentence_length_min": 1, "sentence_length_avg": 2.1794871794871793, "sentence_length_max": 21, "digit_frequency": 0.0020663404023926048, "text_length": 409, "punctuation_frequency": 0.01468189233278956, "hashtag_frequency": 0.0}