{"hashtag_frequency": 0.0, "punctuation_frequency": 0.0005018820577164366, "sentence_length_min": 1, "text_length": 459, "digit_frequency": 0.002509410288582183, "sentence_length_avg": 10.266666666666667, "class": "report", "sentence_length_max": 30}