{"digit_frequency": 0.0008136972368197999, "text_length": 335, "class": "report", "punctuation_frequency": 0.001932530937447025, "sentence_length_min": 1, "sentence_length_max": 5, "sentence_length_avg": 1.1645299145299146, "hashtag_frequency": 0.0}