{"punctuation_frequency": 0.001932530937447025, "text_length": 335, "sentence_length_avg": 1.1645299145299146, "sentence_length_max": 5, "digit_frequency": 0.0008136972368197999, "class": "report", "hashtag_frequency": 0.0, "sentence_length_min": 1}