{"punctuation_frequency": 0.0017660735044263615, "text_length": 477, "sentence_length_avg": 1.1287671232876713, "sentence_length_max": 4, "digit_frequency": 0.0004694625771259948, "class": "report", "hashtag_frequency": 0.0, "sentence_length_min": 1}