{"class": "report", "sentence_length_min": 1, "sentence_length_avg": 7.068230277185501, "sentence_length_max": 57, "digit_frequency": 0.0013823186090802973, "text_length": 3116, "punctuation_frequency": 0.005283528905818026, "hashtag_frequency": 0.0}