{"sentence_length_max": 45, "digit_frequency": 0.0014485451568207583, "sentence_length_avg": 13.165354330708661, "punctuation_frequency": 0.0005668220178863837, "text_length": 1736, "class": "report", "hashtag_frequency": 0.0, "sentence_length_min": 1}