{"class": "report", "sentence_length_max": 64, "sentence_length_avg": 5.4818181818181815, "punctuation_frequency": 0.008135016998542983, "hashtag_frequency": 0.0, "digit_frequency": 0.002306945118989801, "text_length": 2133, "sentence_length_min": 1}