{"hashtag_frequency": 0.0, "punctuation_frequency": 0.0008983918785374181, "sentence_length_min": 1, "text_length": 1349, "digit_frequency": 0.001347587817806127, "sentence_length_avg": 14.042553191489361, "class": "report", "sentence_length_max": 47}