{"class": "report", "sentence_length_max": 45, "sentence_length_avg": 5.307017543859649, "punctuation_frequency": 0.011271783463107156, "hashtag_frequency": 0.0, "digit_frequency": 0.0015943641082684463, "text_length": 2136, "sentence_length_min": 1}