{"hashtag_frequency": 0.0, "punctuation_frequency": 0.002571638501102131, "sentence_length_min": 1, "text_length": 312, "digit_frequency": 0.0018368846436443791, "sentence_length_avg": 11.807692307692308, "class": "report", "sentence_length_max": 55}