{"punctuation_frequency": 0.0020518756247698217, "text_length": 228, "sentence_length_avg": 1.2078853046594982, "sentence_length_max": 5, "digit_frequency": 0.00021044878202767402, "class": "report", "hashtag_frequency": 0.0, "sentence_length_min": 1}