{"class": "report", "digit_frequency": 0.0012310419539097893, "hashtag_frequency": 0.0, "sentence_length_min": 1, "text_length": 2331, "sentence_length_max": 56, "sentence_length_avg": 13.228070175438596, "punctuation_frequency": 0.0005909001378766989}