{"class": "report", "sentence_length_max": 33, "sentence_length_avg": 4.113350125944584, "punctuation_frequency": 0.011679420056383408, "hashtag_frequency": 0.0, "digit_frequency": 0.002013693113169553, "text_length": 1299, "sentence_length_min": 1}